Puzzle,Starting State,Ending State,Score,Difficulty,Order of operators,Called Ops - No Free,Called Ops - Excl. Free,Called Ops - Excl. & Incl. Free,num assign,num exclude,num pivot,num applyops,num selectops,num exclusion,num inclusion,num pointingpairs,num nakedpairs,num hiddenpairs,num pointingtriples,num nakedtriples,num hiddentriples,num xwings,num ywings,num xyzwings,num nakedquads,num hiddenquads,Total Count
'test2-i24e40','3.....7.......1.......6.......7...154..3............2.61....8.....54.9....2......','361259784589471236274863159896724315427315698153698427615937842738542961942186573',900,beginner,[exclusion;inclusion;inclusion;inclusion;inclusion;exclusion;inclusion;inclusion;inclusion;inclusion;exclusion;inclusion;inclusion;inclusion;inclusion;inclusion;inclusion;inclusion;inclusion;exclusion;exclusion;exclusion;exclusion;inclusion;inclusion;inclusion;inclusion;inclusion;inclusion;inclusion;exclusion;exclusion;exclusion;exclusion;exclusion;exclusion;exclusion;exclusion;exclusion;exclusion;exclusion;exclusion;exclusion;exclusion;exclusion;exclusion;exclusion;exclusion;exclusion;exclusion;exclusion;exclusion;exclusion;exclusion;exclusion;exclusion;exclusion;exclusion;exclusion;exclusion;exclusion;exclusion;exclusion;exclusion;exclusion;], [exclusion;inclusion;exclusion;inclusion;exclusion;inclusion;exclusion;inclusion;exclusion;], [inclusion;inclusion;inclusion;inclusion;], [],0,0,0,0,0,42,23,0,0,0,0,0,0,0,0,0,0,0,65
'test3-i29e35','3.....7.......1.......6.......7...159..5............2.61....8.....34.9....2......','341295786568471293279863154834729615926514378157638429613957842785342961492186537',900,beginner,[exclusion;inclusion;inclusion;inclusion;inclusion;inclusion;exclusion;inclusion;inclusion;inclusion;inclusion;inclusion;inclusion;inclusion;inclusion;exclusion;inclusion;inclusion;inclusion;inclusion;inclusion;exclusion;inclusion;inclusion;inclusion;inclusion;inclusion;inclusion;exclusion;exclusion;exclusion;exclusion;exclusion;exclusion;exclusion;exclusion;exclusion;exclusion;exclusion;exclusion;exclusion;exclusion;exclusion;exclusion;exclusion;exclusion;exclusion;exclusion;exclusion;exclusion;exclusion;exclusion;exclusion;exclusion;exclusion;exclusion;exclusion;exclusion;exclusion;exclusion;exclusion;exclusion;exclusion;exclusion;exclusion;exclusion;], [exclusion;inclusion;exclusion;inclusion;exclusion;inclusion;exclusion;inclusion;exclusion;], [inclusion;inclusion;inclusion;inclusion;], [],0,0,0,0,0,42,24,0,0,0,0,0,0,0,0,0,0,0,66
'test4-i28e36','3.....7.......1.......9.......7...148..6............2.61....8.....54.3....2......','381265749459871236276493185963728514825614973147359628614937852798542361532186497',900,beginner,[exclusion;inclusion;inclusion;inclusion;inclusion;inclusion;exclusion;inclusion;inclusion;inclusion;inclusion;exclusion;inclusion;inclusion;inclusion;inclusion;inclusion;inclusion;inclusion;inclusion;inclusion;exclusion;exclusion;exclusion;exclusion;inclusion;inclusion;inclusion;inclusion;inclusion;inclusion;inclusion;inclusion;inclusion;inclusion;inclusion;inclusion;inclusion;exclusion;exclusion;exclusion;exclusion;exclusion;exclusion;exclusion;exclusion;exclusion;exclusion;exclusion;exclusion;exclusion;exclusion;exclusion;exclusion;exclusion;exclusion;exclusion;exclusion;exclusion;exclusion;exclusion;exclusion;exclusion;exclusion;exclusion;exclusion;exclusion;], [exclusion;inclusion;exclusion;inclusion;exclusion;inclusion;exclusion;inclusion;exclusion;], [inclusion;inclusion;inclusion;inclusion;], [],0,0,0,0,0,36,31,0,0,0,0,0,0,0,0,0,0,0,67
'test5-i23e41','56.....4.....1.7..............4...6..3......5.18......7..6.4...2.....1..........3','569378241384216759172549638925481367437962815618753924791634582243895176856127493',700,beginner,[exclusion;inclusion;inclusion;inclusion;inclusion;inclusion;inclusion;inclusion;inclusion;inclusion;inclusion;inclusion;inclusion;inclusion;exclusion;exclusion;exclusion;exclusion;exclusion;exclusion;exclusion;exclusion;exclusion;exclusion;exclusion;exclusion;exclusion;exclusion;exclusion;inclusion;inclusion;inclusion;inclusion;inclusion;inclusion;inclusion;inclusion;exclusion;inclusion;inclusion;inclusion;inclusion;inclusion;inclusion;inclusion;inclusion;exclusion;exclusion;exclusion;exclusion;exclusion;exclusion;exclusion;exclusion;exclusion;exclusion;exclusion;exclusion;exclusion;exclusion;exclusion;exclusion;exclusion;exclusion;exclusion;], [exclusion;inclusion;exclusion;inclusion;exclusion;inclusion;exclusion;], [inclusion;inclusion;inclusion;], [],0,0,0,0,0,36,29,0,0,0,0,0,0,0,0,0,0,0,65
'test6-i26e38','56.....4.....1.7..............8...6..3......5.19......7..6.4...2.....1..........3','568379241394216758172548639425891367837462915619753824781634592243985176956127483',700,beginner,[exclusion;inclusion;inclusion;inclusion;inclusion;inclusion;inclusion;inclusion;inclusion;inclusion;inclusion;inclusion;inclusion;exclusion;inclusion;inclusion;inclusion;inclusion;inclusion;inclusion;inclusion;inclusion;inclusion;inclusion;inclusion;inclusion;inclusion;inclusion;inclusion;inclusion;inclusion;inclusion;inclusion;exclusion;exclusion;exclusion;inclusion;inclusion;inclusion;inclusion;inclusion;inclusion;inclusion;inclusion;inclusion;inclusion;inclusion;inclusion;inclusion;exclusion;exclusion;exclusion;exclusion;exclusion;exclusion;exclusion;exclusion;exclusion;exclusion;exclusion;exclusion;exclusion;exclusion;exclusion;exclusion;], [exclusion;inclusion;exclusion;inclusion;exclusion;inclusion;exclusion;], [inclusion;inclusion;inclusion;], [],0,0,0,0,0,21,44,0,0,0,0,0,0,0,0,0,0,0,65
'test7-i26e36hp10','.1....2..8..3...........5...5....41....7...6...2..8...9......73....5........4....','517486239826395741394271586758639412139724865462518397945862173683157924271943658',1950,beginner,[exclusion;inclusion;inclusion;exclusion;inclusion;inclusion;exclusion;inclusion;inclusion;inclusion;inclusion;inclusion;inclusion;inclusion;inclusion;inclusion;inclusion;inclusion;inclusion;inclusion;inclusion;inclusion;inclusion;inclusion;inclusion;inclusion;exclusion;inclusion;inclusion;inclusion;exclusion;inclusion;inclusion;exclusion;pointingpairs;nakedpairs;nakedpairs;nakedpairs;nakedpairs;nakedpairs;nakedpairs;exclusion;exclusion;exclusion;exclusion;exclusion;exclusion;exclusion;exclusion;exclusion;exclusion;exclusion;exclusion;exclusion;exclusion;exclusion;exclusion;exclusion;exclusion;exclusion;exclusion;exclusion;exclusion;exclusion;exclusion;exclusion;exclusion;exclusion;exclusion;exclusion;exclusion;exclusion;exclusion;exclusion;], [exclusion;inclusion;exclusion;inclusion;exclusion;inclusion;exclusion;inclusion;exclusion;inclusion;exclusion;pointingpairs;nakedpairs;exclusion;], [inclusion;inclusion;inclusion;inclusion;inclusion;pointingpairs;nakedpairs;], [pointingpairs;nakedpairs;],0,0,0,0,0,39,28,1,6,0,0,0,0,0,0,0,0,0,74
'test8-i32e32hp2','.1....2.85..4.6............3.6....5.....2.7....4.......2..1.......3...6.8........','617935248592486317438271695386197452159824736274563981923618574741352869865749123',1350,beginner,[exclusion;inclusion;inclusion;inclusion;inclusion;inclusion;exclusion;inclusion;inclusion;inclusion;inclusion;exclusion;inclusion;inclusion;inclusion;inclusion;inclusion;inclusion;inclusion;inclusion;exclusion;inclusion;inclusion;inclusion;exclusion;pointingpairs;pointingpairs;pointingpairs;pointingpairs;pointingpairs;pointingpairs;inclusion;inclusion;inclusion;inclusion;inclusion;inclusion;inclusion;inclusion;inclusion;inclusion;inclusion;inclusion;inclusion;inclusion;inclusion;inclusion;inclusion;inclusion;inclusion;inclusion;exclusion;exclusion;exclusion;exclusion;exclusion;exclusion;exclusion;exclusion;exclusion;exclusion;exclusion;exclusion;exclusion;exclusion;exclusion;exclusion;exclusion;exclusion;exclusion;exclusion;exclusion;exclusion;exclusion;exclusion;], [exclusion;inclusion;exclusion;inclusion;exclusion;inclusion;exclusion;inclusion;exclusion;pointingpairs;inclusion;exclusion;], [inclusion;inclusion;inclusion;inclusion;pointingpairs;inclusion;], [pointingpairs;],0,0,0,0,0,29,40,6,0,0,0,0,0,0,0,0,0,0,75
'test9-i29e35hp2','.83...2......91............1.....4.9.2.3.........7......76..5.....8...3.9........','483765291675291384291438657136582479729314865854976123347629518512847936968153742',1700,beginner,[exclusion;inclusion;inclusion;inclusion;inclusion;inclusion;inclusion;inclusion;inclusion;exclusion;inclusion;inclusion;inclusion;inclusion;inclusion;inclusion;inclusion;inclusion;inclusion;inclusion;inclusion;inclusion;inclusion;inclusion;inclusion;inclusion;inclusion;inclusion;exclusion;inclusion;inclusion;inclusion;inclusion;exclusion;inclusion;pointingpairs;pointingpairs;pointingpairs;inclusion;inclusion;exclusion;pointingpairs;inclusion;inclusion;inclusion;inclusion;inclusion;inclusion;inclusion;inclusion;inclusion;inclusion;inclusion;inclusion;inclusion;inclusion;inclusion;inclusion;inclusion;inclusion;inclusion;inclusion;inclusion;inclusion;inclusion;inclusion;inclusion;inclusion;inclusion;exclusion;exclusion;exclusion;exclusion;], [exclusion;inclusion;exclusion;inclusion;exclusion;inclusion;exclusion;inclusion;pointingpairs;inclusion;exclusion;pointingpairs;inclusion;exclusion;], [inclusion;inclusion;inclusion;inclusion;pointingpairs;inclusion;pointingpairs;inclusion;], [pointingpairs;pointingpairs;],0,0,0,0,0,9,60,4,0,0,0,0,0,0,0,0,0,0,73
'test10-i29e35hp7','....9.75.8.1................5....4.....8.1......6.....47..2.......1....63......8.','263498751841765923795213864657932418934851672182674539478326195529187346316549287',2600,beginner,[exclusion;inclusion;inclusion;inclusion;inclusion;inclusion;exclusion;inclusion;inclusion;inclusion;inclusion;exclusion;inclusion;inclusion;inclusion;exclusion;inclusion;inclusion;exclusion;inclusion;inclusion;inclusion;inclusion;exclusion;inclusion;pointingpairs;pointingpairs;pointingpairs;nakedpairs;exclusion;inclusion;inclusion;exclusion;pointingpairs;pointingpairs;pointingpairs;exclusion;exclusion;exclusion;exclusion;exclusion;exclusion;exclusion;exclusion;exclusion;exclusion;exclusion;exclusion;exclusion;exclusion;exclusion;exclusion;exclusion;exclusion;exclusion;exclusion;exclusion;exclusion;exclusion;exclusion;exclusion;exclusion;exclusion;exclusion;exclusion;exclusion;exclusion;exclusion;exclusion;exclusion;exclusion;exclusion;exclusion;exclusion;exclusion;], [exclusion;inclusion;exclusion;inclusion;exclusion;inclusion;exclusion;inclusion;exclusion;inclusion;exclusion;inclusion;pointingpairs;nakedpairs;exclusion;inclusion;exclusion;pointingpairs;exclusion;], [inclusion;inclusion;inclusion;inclusion;inclusion;inclusion;pointingpairs;nakedpairs;inclusion;pointingpairs;], [pointingpairs;nakedpairs;pointingpairs;],0,0,0,0,0,47,21,6,1,0,0,0,0,0,0,0,0,0,75
'test11-i36e28hp2','....9.8..7.4......1.........5.48...........1..9.......2..6..5.....1.7.........3.8','365291847724865139189374256651489723873526914492713685247638591938157462516942378',1650,beginner,[exclusion;inclusion;inclusion;inclusion;inclusion;inclusion;exclusion;inclusion;inclusion;inclusion;inclusion;inclusion;exclusion;inclusion;inclusion;inclusion;inclusion;exclusion;inclusion;inclusion;inclusion;inclusion;inclusion;inclusion;inclusion;inclusion;exclusion;inclusion;inclusion;inclusion;inclusion;exclusion;inclusion;inclusion;inclusion;inclusion;inclusion;inclusion;inclusion;inclusion;exclusion;exclusion;pointingpairs;pointingpairs;pointingpairs;pointingpairs;pointingpairs;pointingpairs;pointingpairs;exclusion;exclusion;exclusion;exclusion;exclusion;exclusion;exclusion;exclusion;exclusion;exclusion;exclusion;exclusion;exclusion;exclusion;exclusion;exclusion;exclusion;exclusion;exclusion;exclusion;exclusion;exclusion;exclusion;exclusion;], [exclusion;inclusion;exclusion;inclusion;exclusion;inclusion;exclusion;inclusion;exclusion;inclusion;exclusion;inclusion;exclusion;pointingpairs;exclusion;], [inclusion;inclusion;inclusion;inclusion;inclusion;inclusion;pointingpairs;], [pointingpairs;],0,0,0,0,0,32,34,7,0,0,0,0,0,0,0,0,0,0,73
'test12-i36e28np1','3.....7......1.4..5.6.........2...35.......8.....7.....7.6..1...4...5......3.....','394856721827913456516427398781264935452139687639578214975682143143795862268341579',2050,beginner,[exclusion;inclusion;inclusion;inclusion;exclusion;inclusion;inclusion;inclusion;exclusion;inclusion;inclusion;inclusion;exclusion;inclusion;inclusion;inclusion;inclusion;inclusion;inclusion;inclusion;exclusion;inclusion;inclusion;inclusion;exclusion;inclusion;inclusion;inclusion;inclusion;inclusion;inclusion;inclusion;inclusion;inclusion;inclusion;exclusion;exclusion;inclusion;exclusion;inclusion;exclusion;pointingpairs;pointingpairs;exclusion;exclusion;exclusion;exclusion;exclusion;exclusion;exclusion;exclusion;exclusion;exclusion;exclusion;exclusion;exclusion;exclusion;exclusion;exclusion;exclusion;exclusion;exclusion;exclusion;exclusion;exclusion;exclusion;exclusion;exclusion;exclusion;exclusion;exclusion;exclusion;], [exclusion;inclusion;exclusion;inclusion;exclusion;inclusion;exclusion;inclusion;exclusion;inclusion;exclusion;inclusion;exclusion;inclusion;exclusion;inclusion;exclusion;pointingpairs;exclusion;], [inclusion;inclusion;inclusion;inclusion;inclusion;inclusion;inclusion;inclusion;pointingpairs;], [pointingpairs;],0,0,0,0,0,39,31,2,0,0,0,0,0,0,0,0,0,0,72
'test13-i34e30np1','1.....3..7..6........2......6..3.4...25............8....75....23...8...........1.','192458376738691245546273189961835427825147693473926851687514932319782564254369718',1350,beginner,[exclusion;inclusion;inclusion;inclusion;inclusion;inclusion;inclusion;inclusion;inclusion;exclusion;inclusion;inclusion;inclusion;inclusion;inclusion;inclusion;inclusion;inclusion;inclusion;inclusion;exclusion;inclusion;inclusion;inclusion;exclusion;pointingpairs;pointingpairs;pointingpairs;pointingpairs;pointingpairs;exclusion;exclusion;exclusion;exclusion;inclusion;inclusion;inclusion;inclusion;inclusion;inclusion;inclusion;inclusion;inclusion;exclusion;exclusion;exclusion;exclusion;exclusion;exclusion;inclusion;inclusion;inclusion;inclusion;inclusion;inclusion;inclusion;inclusion;inclusion;inclusion;inclusion;inclusion;inclusion;inclusion;inclusion;inclusion;inclusion;inclusion;inclusion;inclusion;inclusion;], [exclusion;inclusion;exclusion;inclusion;exclusion;inclusion;exclusion;pointingpairs;exclusion;inclusion;exclusion;inclusion;], [inclusion;inclusion;inclusion;pointingpairs;inclusion;inclusion;], [pointingpairs;],0,0,0,0,0,14,51,5,0,0,0,0,0,0,0,0,0,0,70
'test14-i24e38np3','1.....3..8....7......2......2764.....6.5...........1.........423...8...........6.','172864395834957621695213487527641938961538274483729156718396542356482719249175863',2550,beginner,[exclusion;inclusion;inclusion;inclusion;inclusion;inclusion;exclusion;inclusion;inclusion;inclusion;exclusion;inclusion;inclusion;exclusion;inclusion;inclusion;inclusion;inclusion;exclusion;exclusion;exclusion;inclusion;inclusion;inclusion;inclusion;inclusion;inclusion;inclusion;inclusion;inclusion;exclusion;inclusion;inclusion;exclusion;inclusion;inclusion;exclusion;pointingpairs;pointingpairs;exclusion;exclusion;exclusion;exclusion;exclusion;exclusion;exclusion;inclusion;inclusion;nakedpairs;exclusion;exclusion;exclusion;exclusion;exclusion;exclusion;exclusion;exclusion;exclusion;exclusion;exclusion;exclusion;exclusion;exclusion;exclusion;exclusion;exclusion;exclusion;exclusion;exclusion;exclusion;exclusion;exclusion;], [exclusion;inclusion;exclusion;inclusion;exclusion;inclusion;exclusion;inclusion;exclusion;inclusion;exclusion;inclusion;exclusion;inclusion;exclusion;pointingpairs;exclusion;inclusion;nakedpairs;exclusion;], [inclusion;inclusion;inclusion;inclusion;inclusion;inclusion;inclusion;pointingpairs;inclusion;nakedpairs;], [pointingpairs;nakedpairs;],0,0,0,0,0,40,29,2,1,0,0,0,0,0,0,0,0,0,72
'test15-i28e34np3','1.....3.56..9.........8.2.....76..1..2.8......5.......4.....7.......1.......5....','182647395635912487974583261349765812721839546856124973413296758598371624267458139',1350,beginner,[exclusion;inclusion;inclusion;inclusion;inclusion;exclusion;inclusion;inclusion;inclusion;inclusion;inclusion;inclusion;inclusion;inclusion;inclusion;inclusion;inclusion;inclusion;inclusion;exclusion;inclusion;inclusion;inclusion;inclusion;inclusion;exclusion;inclusion;inclusion;exclusion;pointingpairs;pointingpairs;pointingpairs;pointingpairs;pointingpairs;exclusion;exclusion;exclusion;exclusion;exclusion;exclusion;exclusion;exclusion;exclusion;exclusion;exclusion;exclusion;exclusion;inclusion;inclusion;inclusion;inclusion;inclusion;inclusion;inclusion;inclusion;inclusion;inclusion;inclusion;inclusion;inclusion;inclusion;inclusion;inclusion;inclusion;inclusion;inclusion;inclusion;inclusion;inclusion;inclusion;inclusion;inclusion;], [exclusion;inclusion;exclusion;inclusion;exclusion;inclusion;exclusion;inclusion;exclusion;pointingpairs;exclusion;inclusion;], [inclusion;inclusion;inclusion;inclusion;pointingpairs;inclusion;], [pointingpairs;],0,0,0,0,0,18,49,5,0,0,0,0,0,0,0,0,0,0,72
'test16-i26e36np3','1.....3.58..4.........7.2.....64..8..2.7......5.......4.....6.......1.......5....','172986345835412967946573218319645782624738591758129436481297653597361824263854179',1350,beginner,[exclusion;inclusion;inclusion;inclusion;inclusion;inclusion;inclusion;inclusion;inclusion;inclusion;exclusion;inclusion;inclusion;inclusion;inclusion;inclusion;inclusion;inclusion;inclusion;inclusion;inclusion;inclusion;exclusion;inclusion;inclusion;inclusion;inclusion;exclusion;inclusion;inclusion;exclusion;pointingpairs;pointingpairs;pointingpairs;inclusion;inclusion;inclusion;inclusion;inclusion;inclusion;inclusion;inclusion;inclusion;inclusion;inclusion;inclusion;inclusion;inclusion;inclusion;inclusion;inclusion;inclusion;inclusion;inclusion;inclusion;inclusion;inclusion;inclusion;inclusion;inclusion;inclusion;inclusion;inclusion;exclusion;exclusion;exclusion;exclusion;exclusion;exclusion;exclusion;exclusion;exclusion;], [exclusion;inclusion;exclusion;inclusion;exclusion;inclusion;exclusion;inclusion;exclusion;pointingpairs;inclusion;exclusion;], [inclusion;inclusion;inclusion;inclusion;pointingpairs;inclusion;], [pointingpairs;],0,0,0,0,0,14,55,3,0,0,0,0,0,0,0,0,0,0,72
'test17-i24e38np4hp4','3.....67....2.1....8..........57.8...21......4........6...3...........42........9','312945678746281593589763214963574821821396457475128936697432185138659742254817369',1650,beginner,[exclusion;inclusion;inclusion;exclusion;inclusion;inclusion;exclusion;inclusion;inclusion;inclusion;inclusion;inclusion;exclusion;inclusion;inclusion;inclusion;exclusion;inclusion;inclusion;inclusion;exclusion;inclusion;inclusion;exclusion;pointingpairs;pointingpairs;pointingpairs;pointingpairs;pointingpairs;pointingpairs;pointingpairs;pointingpairs;pointingpairs;pointingpairs;pointingpairs;exclusion;exclusion;exclusion;exclusion;exclusion;exclusion;exclusion;exclusion;exclusion;exclusion;exclusion;exclusion;exclusion;exclusion;exclusion;exclusion;exclusion;exclusion;exclusion;exclusion;exclusion;exclusion;exclusion;exclusion;exclusion;exclusion;exclusion;exclusion;exclusion;exclusion;exclusion;exclusion;exclusion;exclusion;exclusion;exclusion;exclusion;exclusion;exclusion;exclusion;exclusion;exclusion;exclusion;], [exclusion;inclusion;exclusion;inclusion;exclusion;inclusion;exclusion;inclusion;exclusion;inclusion;exclusion;inclusion;exclusion;pointingpairs;exclusion;], [inclusion;inclusion;inclusion;inclusion;inclusion;inclusion;pointingpairs;], [pointingpairs;],0,0,0,0,0,50,17,11,0,0,0,0,0,0,0,0,0,0,78
'test18-i29e35np3hp4','56.....3....9.1............8.9....1..7..6.............1.48.........5.6.7......2..','562784139483921765917635428839247516271568394645319872124876953398152647756493281',1250,beginner,[exclusion;inclusion;inclusion;inclusion;inclusion;inclusion;inclusion;inclusion;inclusion;inclusion;exclusion;inclusion;inclusion;inclusion;inclusion;inclusion;inclusion;exclusion;inclusion;inclusion;inclusion;inclusion;inclusion;inclusion;inclusion;inclusion;inclusion;inclusion;inclusion;inclusion;inclusion;inclusion;inclusion;exclusion;pointingpairs;pointingpairs;pointingpairs;pointingpairs;pointingpairs;pointingpairs;exclusion;inclusion;inclusion;inclusion;inclusion;inclusion;inclusion;inclusion;inclusion;exclusion;exclusion;exclusion;exclusion;exclusion;exclusion;exclusion;exclusion;exclusion;exclusion;exclusion;exclusion;exclusion;exclusion;exclusion;exclusion;exclusion;exclusion;exclusion;exclusion;exclusion;exclusion;exclusion;exclusion;exclusion;], [exclusion;inclusion;exclusion;inclusion;exclusion;inclusion;exclusion;pointingpairs;exclusion;inclusion;exclusion;], [inclusion;inclusion;inclusion;pointingpairs;inclusion;], [pointingpairs;],0,0,0,0,0,30,38,6,0,0,0,0,0,0,0,0,0,0,74
'test19-i21e41np8hp3','1.....3.6.7.8...........2.....236.....4....85............5...4.39.......6........','128954376976823154453671298589236417234197685761485932812569743395742861647318529',1450,beginner,[exclusion;inclusion;inclusion;inclusion;inclusion;inclusion;exclusion;inclusion;inclusion;exclusion;inclusion;inclusion;inclusion;inclusion;inclusion;inclusion;exclusion;inclusion;inclusion;inclusion;inclusion;inclusion;exclusion;pointingpairs;pointingpairs;pointingpairs;pointingpairs;pointingpairs;pointingpairs;pointingpairs;pointingpairs;exclusion;exclusion;exclusion;exclusion;inclusion;inclusion;exclusion;exclusion;exclusion;exclusion;exclusion;exclusion;exclusion;exclusion;exclusion;exclusion;exclusion;exclusion;exclusion;exclusion;exclusion;exclusion;exclusion;exclusion;exclusion;exclusion;exclusion;exclusion;exclusion;exclusion;exclusion;exclusion;exclusion;exclusion;exclusion;exclusion;exclusion;exclusion;exclusion;exclusion;exclusion;exclusion;exclusion;exclusion;], [exclusion;inclusion;exclusion;inclusion;exclusion;inclusion;exclusion;inclusion;exclusion;pointingpairs;exclusion;inclusion;exclusion;], [inclusion;inclusion;inclusion;inclusion;pointingpairs;inclusion;], [pointingpairs;],0,0,0,0,0,47,20,8,0,0,0,0,0,0,0,0,0,0,75
'test20-i22e42np3hp7','1.....3.65...4........1...........51.6....2...3.8.....7......4....6.2......3.....','147528396583946127692713485478239651961457238235861974726195843354682719819374562',1150,beginner,[exclusion;inclusion;exclusion;pointingpairs;pointingpairs;pointingpairs;pointingpairs;pointingpairs;pointingpairs;pointingpairs;inclusion;inclusion;inclusion;inclusion;inclusion;inclusion;inclusion;inclusion;exclusion;inclusion;inclusion;inclusion;inclusion;inclusion;exclusion;inclusion;inclusion;inclusion;inclusion;inclusion;inclusion;inclusion;inclusion;inclusion;inclusion;inclusion;inclusion;inclusion;inclusion;exclusion;exclusion;exclusion;exclusion;exclusion;exclusion;exclusion;exclusion;exclusion;exclusion;exclusion;exclusion;exclusion;exclusion;exclusion;exclusion;exclusion;exclusion;exclusion;exclusion;exclusion;exclusion;exclusion;exclusion;exclusion;exclusion;exclusion;exclusion;exclusion;exclusion;exclusion;exclusion;exclusion;exclusion;exclusion;exclusion;], [exclusion;inclusion;exclusion;pointingpairs;inclusion;exclusion;inclusion;exclusion;inclusion;exclusion;], [inclusion;pointingpairs;inclusion;inclusion;inclusion;], [pointingpairs;],0,0,0,0,0,40,28,7,0,0,0,0,0,0,0,0,0,0,75
'test21-i16e47np1hp2','1.....34.4.6...8.....9.....8...4.......7....9..........97....5.....31....2.......','189675342456312897732984165865149723214753689973826514397468251548231976621597438',850,beginner,[exclusion;inclusion;inclusion;inclusion;inclusion;inclusion;inclusion;inclusion;inclusion;inclusion;inclusion;inclusion;inclusion;inclusion;inclusion;exclusion;inclusion;inclusion;inclusion;inclusion;exclusion;pointingpairs;pointingpairs;pointingpairs;pointingpairs;pointingpairs;exclusion;exclusion;exclusion;exclusion;exclusion;exclusion;exclusion;exclusion;exclusion;exclusion;exclusion;exclusion;exclusion;exclusion;exclusion;exclusion;exclusion;exclusion;exclusion;exclusion;exclusion;exclusion;exclusion;exclusion;exclusion;exclusion;exclusion;exclusion;exclusion;exclusion;exclusion;exclusion;exclusion;exclusion;exclusion;exclusion;exclusion;exclusion;exclusion;exclusion;exclusion;exclusion;exclusion;exclusion;exclusion;], [exclusion;inclusion;exclusion;inclusion;exclusion;pointingpairs;exclusion;], [inclusion;inclusion;pointingpairs;], [pointingpairs;],0,0,0,0,0,48,18,5,0,0,0,0,0,0,0,0,0,0,71
'test22-i33e18nt1xw1','...4...67.642.......71.6.42...86.3.44.1...7..7.694....17...4...94....2......1.4..','215438967864279153397156842529867314481523796736941528172394685943685271658712439',1550,beginner,[exclusion;inclusion;inclusion;inclusion;inclusion;inclusion;inclusion;inclusion;inclusion;inclusion;inclusion;inclusion;exclusion;inclusion;inclusion;inclusion;inclusion;inclusion;exclusion;inclusion;pointingpairs;pointingpairs;pointingpairs;inclusion;exclusion;inclusion;inclusion;inclusion;inclusion;inclusion;exclusion;exclusion;exclusion;exclusion;exclusion;exclusion;exclusion;exclusion;exclusion;inclusion;inclusion;inclusion;inclusion;inclusion;exclusion;inclusion;inclusion;inclusion;inclusion;inclusion;inclusion;inclusion;inclusion;inclusion;inclusion;inclusion;inclusion;inclusion;inclusion;], [exclusion;inclusion;exclusion;inclusion;exclusion;inclusion;pointingpairs;inclusion;exclusion;inclusion;exclusion;inclusion;exclusion;inclusion;], [inclusion;inclusion;inclusion;pointingpairs;inclusion;inclusion;inclusion;inclusion;], [pointingpairs;],0,0,0,0,0,14,42,3,0,0,0,0,0,0,0,0,0,0,59
'test23-i16e32nt1xw1','7......215..4.2...2..8.7....215......732..61..457..23.4.7...8.23.2.7.1..1.6.2....','768395421519462387234817956921536748873249615645781239497153862352678194186924573',850,beginner,[exclusion;inclusion;inclusion;exclusion;inclusion;exclusion;pointingpairs;pointingpairs;pointingpairs;pointingpairs;pointingpairs;exclusion;exclusion;exclusion;exclusion;exclusion;exclusion;exclusion;exclusion;exclusion;exclusion;exclusion;exclusion;exclusion;exclusion;exclusion;exclusion;exclusion;exclusion;exclusion;exclusion;exclusion;exclusion;exclusion;exclusion;exclusion;exclusion;exclusion;exclusion;exclusion;exclusion;exclusion;exclusion;exclusion;exclusion;exclusion;exclusion;exclusion;exclusion;exclusion;exclusion;exclusion;exclusion;], [exclusion;inclusion;exclusion;inclusion;exclusion;pointingpairs;exclusion;], [inclusion;inclusion;pointingpairs;], [pointingpairs;],0,0,0,0,0,45,3,5,0,0,0,0,0,0,0,0,0,0,53
'test24-i10e41nt2xw2','...5...61516.2....97..6.....614........65.91.......68.1..8.6...3.....5.66..7.51.8','243589761516327849978164325861493257732658914495271683157836492384912576629745138',850,beginner,[exclusion;pointingpairs;pointingpairs;pointingpairs;pointingpairs;pointingpairs;pointingpairs;exclusion;exclusion;exclusion;inclusion;inclusion;inclusion;exclusion;exclusion;exclusion;inclusion;inclusion;inclusion;inclusion;inclusion;inclusion;inclusion;inclusion;inclusion;inclusion;inclusion;inclusion;inclusion;inclusion;inclusion;exclusion;exclusion;exclusion;exclusion;exclusion;exclusion;exclusion;exclusion;exclusion;exclusion;exclusion;exclusion;exclusion;exclusion;exclusion;exclusion;exclusion;exclusion;exclusion;exclusion;exclusion;exclusion;exclusion;exclusion;exclusion;exclusion;], [exclusion;pointingpairs;exclusion;inclusion;exclusion;inclusion;exclusion;], [pointingpairs;inclusion;inclusion;], [pointingpairs;],0,0,0,0,0,33,18,6,0,0,0,0,0,0,0,0,0,0,57
'test25-i16e32nt1xw1','4......813...21...1..7......48.1........6.21..16......6.1...3547..5.41.8854136...','429653781367821495185749632948312576573468219216975843691287354732594168854136927',1150,beginner,[exclusion;exclusion;inclusion;inclusion;inclusion;inclusion;inclusion;inclusion;exclusion;exclusion;exclusion;exclusion;exclusion;inclusion;inclusion;inclusion;inclusion;inclusion;inclusion;exclusion;inclusion;exclusion;pointingpairs;pointingpairs;pointingpairs;exclusion;inclusion;inclusion;inclusion;inclusion;inclusion;inclusion;inclusion;inclusion;inclusion;inclusion;inclusion;inclusion;inclusion;inclusion;inclusion;inclusion;inclusion;inclusion;inclusion;inclusion;inclusion;inclusion;inclusion;inclusion;inclusion;inclusion;inclusion;], [exclusion;inclusion;exclusion;inclusion;exclusion;inclusion;exclusion;pointingpairs;exclusion;inclusion;], [inclusion;inclusion;inclusion;pointingpairs;inclusion;], [pointingpairs;],0,0,0,0,0,10,40,3,0,0,0,0,0,0,0,0,0,0,53
'test26-i8e41pp1nt4xw2xyzw1','...6.5.21.7.3.2....2.4.8...1..96.25..32.874..76..2....2..85.......7..8.26..2.....','894675321571392648326418579148963257932587416765124983213856794459731862687249135',950,beginner,[exclusion;inclusion;inclusion;inclusion;exclusion;pointingpairs;pointingpairs;pointingpairs;pointingpairs;pointingpairs;pointingpairs;pointingpairs;inclusion;inclusion;inclusion;inclusion;exclusion;inclusion;inclusion;inclusion;inclusion;exclusion;exclusion;exclusion;exclusion;exclusion;exclusion;exclusion;exclusion;exclusion;exclusion;exclusion;exclusion;exclusion;exclusion;exclusion;exclusion;exclusion;exclusion;exclusion;exclusion;exclusion;exclusion;exclusion;exclusion;exclusion;exclusion;exclusion;exclusion;exclusion;exclusion;exclusion;exclusion;exclusion;exclusion;exclusion;exclusion;exclusion;exclusion;exclusion;], [exclusion;inclusion;exclusion;pointingpairs;inclusion;exclusion;inclusion;exclusion;], [inclusion;pointingpairs;inclusion;inclusion;], [pointingpairs;],0,0,0,0,0,42,11,7,0,0,0,0,0,0,0,0,0,0,60
'test27-i32e31yw3','56.....4.7....3......8.......8....3..9.2.........4....6...5.1........9.8......2..','563192847782463591941875326478519632396287415215346789624958173137624958859731264',3350,beginner,[exclusion;inclusion;inclusion;inclusion;inclusion;inclusion;exclusion;inclusion;inclusion;inclusion;inclusion;exclusion;inclusion;inclusion;inclusion;inclusion;inclusion;exclusion;inclusion;inclusion;inclusion;inclusion;exclusion;exclusion;exclusion;exclusion;exclusion;exclusion;exclusion;exclusion;exclusion;inclusion;inclusion;inclusion;inclusion;inclusion;inclusion;inclusion;inclusion;inclusion;inclusion;inclusion;exclusion;inclusion;pointingpairs;pointingpairs;pointingpairs;inclusion;inclusion;inclusion;inclusion;exclusion;ywings;exclusion;exclusion;exclusion;exclusion;exclusion;exclusion;exclusion;exclusion;exclusion;exclusion;exclusion;exclusion;exclusion;exclusion;exclusion;exclusion;exclusion;exclusion;exclusion;], [exclusion;inclusion;exclusion;inclusion;exclusion;inclusion;exclusion;inclusion;exclusion;inclusion;exclusion;inclusion;pointingpairs;inclusion;exclusion;ywings;exclusion;], [inclusion;inclusion;inclusion;inclusion;inclusion;inclusion;pointingpairs;inclusion;ywings;], [pointingpairs;ywings;],0,0,0,0,0,34,34,3,0,0,0,0,0,0,1,0,0,0,72
'test28-i27e36yw1','2.57.....8...5.3............9....1.....2............3..3..81...4......2....9....7','245739681871652394963148275698374152357216948124895736732481569419567823586923417',2800,beginner,[exclusion;inclusion;inclusion;inclusion;inclusion;inclusion;inclusion;inclusion;inclusion;inclusion;exclusion;inclusion;inclusion;inclusion;inclusion;exclusion;inclusion;inclusion;inclusion;inclusion;inclusion;exclusion;inclusion;inclusion;inclusion;inclusion;inclusion;inclusion;inclusion;inclusion;inclusion;inclusion;inclusion;inclusion;inclusion;inclusion;inclusion;exclusion;exclusion;exclusion;exclusion;exclusion;exclusion;inclusion;inclusion;exclusion;exclusion;exclusion;exclusion;exclusion;exclusion;exclusion;exclusion;ywings;exclusion;exclusion;exclusion;exclusion;exclusion;exclusion;exclusion;exclusion;exclusion;exclusion;exclusion;exclusion;exclusion;exclusion;], [exclusion;inclusion;exclusion;inclusion;exclusion;inclusion;exclusion;inclusion;exclusion;inclusion;exclusion;ywings;exclusion;], [inclusion;inclusion;inclusion;inclusion;inclusion;ywings;], [ywings;],0,0,0,0,0,32,35,0,0,0,0,0,0,0,1,0,0,0,68
'test29-i27e36yw1','7..2...5.....3..8.1........4...6.7...6..8..........1...395........7......8.......','748296351956431287123875649495162738361987524872354196639518472514729863287643915',3100,beginner,[exclusion;inclusion;inclusion;inclusion;inclusion;inclusion;inclusion;inclusion;inclusion;inclusion;exclusion;inclusion;inclusion;inclusion;inclusion;inclusion;inclusion;inclusion;exclusion;inclusion;inclusion;inclusion;inclusion;inclusion;inclusion;inclusion;inclusion;inclusion;inclusion;inclusion;inclusion;inclusion;inclusion;inclusion;inclusion;inclusion;inclusion;inclusion;inclusion;inclusion;inclusion;exclusion;exclusion;exclusion;exclusion;inclusion;inclusion;inclusion;exclusion;nakedpairs;ywings;ywings;ywings;exclusion;exclusion;exclusion;exclusion;exclusion;exclusion;exclusion;exclusion;exclusion;exclusion;exclusion;exclusion;exclusion;exclusion;], [exclusion;inclusion;exclusion;inclusion;exclusion;inclusion;exclusion;inclusion;exclusion;nakedpairs;ywings;exclusion;], [inclusion;inclusion;inclusion;inclusion;nakedpairs;ywings;], [nakedpairs;ywings;],0,0,0,0,0,22,41,0,1,0,0,0,0,0,3,0,0,0,67
'test30-i29e34yw1','.8....67....31................2....524..............135.14..........78..3........','483925671792316548615874329137268495249531786856749213521483967964157832378692154',3300,beginner,[exclusion;inclusion;inclusion;inclusion;exclusion;inclusion;inclusion;inclusion;inclusion;exclusion;inclusion;inclusion;exclusion;inclusion;inclusion;inclusion;inclusion;inclusion;exclusion;inclusion;inclusion;inclusion;inclusion;inclusion;inclusion;inclusion;inclusion;exclusion;inclusion;inclusion;exclusion;inclusion;inclusion;inclusion;inclusion;inclusion;inclusion;inclusion;inclusion;inclusion;inclusion;inclusion;exclusion;exclusion;exclusion;exclusion;exclusion;exclusion;exclusion;exclusion;exclusion;exclusion;exclusion;exclusion;inclusion;inclusion;ywings;exclusion;exclusion;exclusion;exclusion;exclusion;exclusion;exclusion;exclusion;exclusion;exclusion;exclusion;exclusion;exclusion;exclusion;], [exclusion;inclusion;exclusion;inclusion;exclusion;inclusion;exclusion;inclusion;exclusion;inclusion;exclusion;inclusion;exclusion;inclusion;exclusion;inclusion;ywings;exclusion;], [inclusion;inclusion;inclusion;inclusion;inclusion;inclusion;inclusion;inclusion;ywings;], [ywings;],0,0,0,0,0,33,37,0,0,0,0,0,0,0,1,0,0,0,71
'test31-i36e27yw1','.8....67....51................2....423..............514.53..........78..1........','381924675792516438654873129517268394239145786846739251425381967963457812178692543',3300,beginner,[exclusion;inclusion;inclusion;inclusion;exclusion;inclusion;inclusion;inclusion;inclusion;exclusion;inclusion;inclusion;exclusion;inclusion;inclusion;inclusion;inclusion;inclusion;inclusion;inclusion;inclusion;exclusion;inclusion;inclusion;inclusion;inclusion;inclusion;inclusion;inclusion;inclusion;inclusion;inclusion;inclusion;inclusion;inclusion;exclusion;inclusion;inclusion;inclusion;inclusion;inclusion;exclusion;inclusion;inclusion;inclusion;inclusion;inclusion;inclusion;inclusion;inclusion;inclusion;inclusion;exclusion;exclusion;inclusion;ywings;exclusion;exclusion;exclusion;exclusion;exclusion;exclusion;exclusion;exclusion;exclusion;exclusion;exclusion;exclusion;exclusion;exclusion;], [exclusion;inclusion;exclusion;inclusion;exclusion;inclusion;exclusion;inclusion;exclusion;inclusion;exclusion;inclusion;exclusion;inclusion;exclusion;inclusion;ywings;exclusion;], [inclusion;inclusion;inclusion;inclusion;inclusion;inclusion;inclusion;inclusion;ywings;], [ywings;],0,0,0,0,0,23,46,0,0,0,0,0,0,0,1,0,0,0,70
'test32-i25e38np2hp4yw1','...2...9..1.....3..5...8...2..9........4..5........1..4....6.2.....3.7......1....','764253891812679435953148267245981673139467582687325149471596328596832714328714956',3050,beginner,[exclusion;inclusion;inclusion;inclusion;inclusion;inclusion;inclusion;inclusion;exclusion;inclusion;inclusion;inclusion;inclusion;inclusion;inclusion;exclusion;inclusion;inclusion;inclusion;inclusion;inclusion;inclusion;inclusion;inclusion;exclusion;inclusion;pointingpairs;pointingpairs;pointingpairs;pointingpairs;pointingpairs;pointingpairs;pointingpairs;pointingpairs;exclusion;exclusion;exclusion;exclusion;exclusion;exclusion;exclusion;exclusion;exclusion;exclusion;exclusion;exclusion;exclusion;exclusion;exclusion;exclusion;exclusion;inclusion;inclusion;inclusion;exclusion;ywings;ywings;exclusion;exclusion;exclusion;exclusion;exclusion;exclusion;exclusion;exclusion;exclusion;exclusion;exclusion;exclusion;exclusion;exclusion;exclusion;], [exclusion;inclusion;exclusion;inclusion;exclusion;inclusion;exclusion;inclusion;pointingpairs;exclusion;inclusion;exclusion;ywings;exclusion;], [inclusion;inclusion;inclusion;inclusion;pointingpairs;inclusion;ywings;], [pointingpairs;ywings;],0,0,0,0,0,37,25,8,0,0,0,0,0,0,2,0,0,0,72
'test33-i26e38np2hp3yw1','.42.8............1.8.......7..1.3.........48.6........15.6...........54....9.....','942381765576492831381576924798143652215769483634825197159634278863217549427958316',1150,beginner,[exclusion;inclusion;inclusion;inclusion;inclusion;inclusion;inclusion;inclusion;inclusion;inclusion;inclusion;inclusion;inclusion;inclusion;inclusion;inclusion;exclusion;inclusion;inclusion;inclusion;inclusion;inclusion;inclusion;inclusion;exclusion;inclusion;inclusion;exclusion;pointingpairs;pointingpairs;pointingpairs;pointingpairs;pointingpairs;inclusion;inclusion;inclusion;inclusion;inclusion;exclusion;exclusion;exclusion;exclusion;exclusion;exclusion;exclusion;exclusion;exclusion;exclusion;exclusion;exclusion;exclusion;exclusion;exclusion;exclusion;exclusion;exclusion;exclusion;exclusion;exclusion;exclusion;exclusion;exclusion;exclusion;exclusion;exclusion;exclusion;exclusion;exclusion;exclusion;exclusion;exclusion;exclusion;], [exclusion;inclusion;exclusion;inclusion;exclusion;inclusion;exclusion;pointingpairs;inclusion;exclusion;], [inclusion;inclusion;inclusion;pointingpairs;inclusion;], [pointingpairs;],0,0,0,0,0,38,29,5,0,0,0,0,0,0,0,0,0,0,72
'test34-i26e38np2hp3yw1','.42.8............1.8.......7..1.3.........48.9........15.6...........54....7.....','642381795597462831381597624768143952215976483934825167159634278873219546426758319',1150,beginner,[exclusion;inclusion;inclusion;inclusion;inclusion;inclusion;inclusion;inclusion;inclusion;inclusion;inclusion;inclusion;inclusion;inclusion;inclusion;inclusion;exclusion;inclusion;inclusion;inclusion;inclusion;inclusion;inclusion;inclusion;exclusion;inclusion;inclusion;exclusion;pointingpairs;pointingpairs;pointingpairs;pointingpairs;pointingpairs;inclusion;inclusion;inclusion;inclusion;inclusion;exclusion;exclusion;exclusion;exclusion;exclusion;exclusion;exclusion;exclusion;exclusion;exclusion;exclusion;exclusion;exclusion;exclusion;exclusion;exclusion;exclusion;exclusion;exclusion;exclusion;exclusion;exclusion;exclusion;exclusion;exclusion;exclusion;exclusion;exclusion;exclusion;exclusion;exclusion;exclusion;exclusion;exclusion;], [exclusion;inclusion;exclusion;inclusion;exclusion;inclusion;exclusion;pointingpairs;inclusion;exclusion;], [inclusion;inclusion;inclusion;pointingpairs;inclusion;], [pointingpairs;],0,0,0,0,0,38,29,5,0,0,0,0,0,0,0,0,0,0,72
'test35-i24e40np3hp2yw1','....4.38..5..7.....1..........5.2..86.....7.....1........2...1.4.7......3........','762941385954378162813625974179532648635489721248167539586293417497816253321754896',1250,beginner,[exclusion;inclusion;inclusion;inclusion;inclusion;inclusion;inclusion;inclusion;exclusion;inclusion;inclusion;inclusion;inclusion;inclusion;inclusion;inclusion;exclusion;inclusion;inclusion;inclusion;inclusion;exclusion;pointingpairs;pointingpairs;pointingpairs;pointingpairs;pointingpairs;pointingpairs;pointingpairs;inclusion;inclusion;inclusion;inclusion;inclusion;inclusion;inclusion;exclusion;exclusion;exclusion;exclusion;exclusion;exclusion;exclusion;exclusion;exclusion;exclusion;exclusion;exclusion;inclusion;inclusion;inclusion;inclusion;inclusion;inclusion;inclusion;inclusion;inclusion;inclusion;inclusion;inclusion;inclusion;inclusion;inclusion;inclusion;inclusion;inclusion;inclusion;inclusion;inclusion;inclusion;inclusion;inclusion;inclusion;inclusion;], [exclusion;inclusion;exclusion;inclusion;exclusion;inclusion;exclusion;pointingpairs;inclusion;exclusion;inclusion;], [inclusion;inclusion;inclusion;pointingpairs;inclusion;inclusion;], [pointingpairs;],0,0,0,0,0,16,51,7,0,0,0,0,0,0,0,0,0,0,74
'test36-i30e33np2hp2yw1','1...36....2....84..........6.3.5....5..7............2..4.8...........5.3...2.....','158436972329571846467928351693152784512784639874369125945813267281647593736295418',1650,beginner,[exclusion;inclusion;inclusion;inclusion;inclusion;inclusion;inclusion;exclusion;inclusion;inclusion;inclusion;inclusion;inclusion;inclusion;inclusion;inclusion;inclusion;inclusion;inclusion;inclusion;exclusion;inclusion;inclusion;inclusion;inclusion;inclusion;inclusion;inclusion;exclusion;exclusion;inclusion;exclusion;pointingpairs;pointingpairs;pointingpairs;pointingpairs;pointingpairs;pointingpairs;exclusion;exclusion;exclusion;exclusion;inclusion;inclusion;inclusion;inclusion;exclusion;inclusion;inclusion;inclusion;inclusion;inclusion;inclusion;inclusion;inclusion;inclusion;inclusion;inclusion;inclusion;inclusion;exclusion;exclusion;exclusion;exclusion;exclusion;exclusion;exclusion;exclusion;exclusion;exclusion;exclusion;exclusion;exclusion;], [exclusion;inclusion;exclusion;inclusion;exclusion;inclusion;exclusion;inclusion;exclusion;pointingpairs;exclusion;inclusion;exclusion;inclusion;exclusion;], [inclusion;inclusion;inclusion;inclusion;pointingpairs;inclusion;inclusion;], [pointingpairs;],0,0,0,0,0,24,43,6,0,0,0,0,0,0,0,0,0,0,73
'easy1','..3.2.6..9..3.5..1..18.64....81.29..7.......8..67.82....26.95..8..2.3..9..5.1.3..','483921657967345821251876493548132976729564138136798245372689514814253769695417382',100,beginner,[exclusion;exclusion;exclusion;exclusion;exclusion;exclusion;exclusion;exclusion;exclusion;exclusion;exclusion;exclusion;exclusion;exclusion;exclusion;exclusion;exclusion;exclusion;exclusion;exclusion;exclusion;exclusion;exclusion;exclusion;exclusion;exclusion;exclusion;exclusion;exclusion;exclusion;exclusion;exclusion;exclusion;exclusion;exclusion;exclusion;exclusion;exclusion;exclusion;exclusion;exclusion;exclusion;exclusion;exclusion;exclusion;exclusion;exclusion;exclusion;exclusion;], [exclusion;], [], [],0,0,0,0,0,49,0,0,0,0,0,0,0,0,0,0,0,0,49
'easy2','......9.7...42.18....7.5.261..9.4....5.....4....5.7..992.1.8....34.59...5.7......','462831957795426183381795426173984265659312748248567319926178534834259671517643892',400,beginner,[exclusion;exclusion;exclusion;inclusion;inclusion;inclusion;inclusion;inclusion;inclusion;inclusion;inclusion;inclusion;inclusion;inclusion;inclusion;inclusion;exclusion;exclusion;exclusion;exclusion;exclusion;exclusion;exclusion;exclusion;exclusion;exclusion;inclusion;inclusion;inclusion;inclusion;inclusion;inclusion;inclusion;inclusion;inclusion;inclusion;inclusion;inclusion;inclusion;inclusion;inclusion;inclusion;inclusion;inclusion;inclusion;inclusion;inclusion;inclusion;inclusion;inclusion;inclusion;inclusion;inclusion;], [exclusion;inclusion;exclusion;inclusion;], [inclusion;inclusion;], [],0,0,0,0,0,13,40,0,0,0,0,0,0,0,0,0,0,0,53
'easy3','...1254....84.....42.8......3.....95.6.9.2.1.51.....6......3.49.....72....1298...','976125438158436927423879156234761895867952314519384762782513649395647281641298573',400,beginner,[exclusion;inclusion;inclusion;inclusion;inclusion;inclusion;inclusion;inclusion;inclusion;inclusion;inclusion;inclusion;inclusion;inclusion;inclusion;inclusion;inclusion;inclusion;inclusion;inclusion;inclusion;inclusion;inclusion;inclusion;inclusion;exclusion;inclusion;inclusion;inclusion;inclusion;inclusion;inclusion;inclusion;inclusion;inclusion;inclusion;inclusion;inclusion;inclusion;inclusion;inclusion;inclusion;inclusion;inclusion;inclusion;inclusion;inclusion;inclusion;inclusion;inclusion;inclusion;inclusion;inclusion;inclusion;], [exclusion;inclusion;exclusion;inclusion;], [inclusion;inclusion;], [],0,0,0,0,0,2,52,0,0,0,0,0,0,0,0,0,0,0,54
'easy4','..61.24.......457..2.9.31.8.8...56.96...9...19.13...4.5.42.9.8..627.......85.13..','876152493139684572425973168287415639643897251951326847514239786362748915798561324',100,beginner,[exclusion;exclusion;exclusion;exclusion;exclusion;exclusion;exclusion;exclusion;exclusion;exclusion;exclusion;exclusion;exclusion;exclusion;exclusion;exclusion;exclusion;exclusion;exclusion;exclusion;exclusion;exclusion;exclusion;exclusion;exclusion;exclusion;exclusion;exclusion;exclusion;exclusion;exclusion;exclusion;exclusion;exclusion;exclusion;exclusion;exclusion;exclusion;exclusion;exclusion;exclusion;exclusion;exclusion;exclusion;exclusion;exclusion;], [exclusion;], [], [],0,0,0,0,0,46,0,0,0,0,0,0,0,0,0,0,0,0,46
'medium1','...439...4..6..8..395.....472..8..9....217....3..9..282.....417..9..2..3...841...','867439251412675839395128674724386195958217346631594728286953417149762583573841962',200,beginner,[exclusion;exclusion;exclusion;exclusion;exclusion;exclusion;exclusion;inclusion;inclusion;inclusion;inclusion;inclusion;inclusion;inclusion;inclusion;inclusion;inclusion;inclusion;inclusion;inclusion;inclusion;inclusion;inclusion;inclusion;inclusion;inclusion;inclusion;inclusion;inclusion;inclusion;inclusion;inclusion;inclusion;inclusion;inclusion;inclusion;inclusion;inclusion;inclusion;inclusion;inclusion;inclusion;inclusion;inclusion;inclusion;inclusion;inclusion;inclusion;inclusion;inclusion;], [exclusion;inclusion;], [inclusion;], [],0,0,0,0,0,7,43,0,0,0,0,0,0,0,0,0,0,0,50
'hard1','4.....8.5.3..........7......2.....6.....8.4......1.......6.3.7.5..2.....1.4......','417369825632158947958724316825437169791586432346912758289643571573291684164875293',1600,beginner,[exclusion;inclusion;inclusion;inclusion;exclusion;pointingpairs;pointingpairs;pointingpairs;pointingpairs;pointingpairs;pointingpairs;exclusion;exclusion;exclusion;exclusion;exclusion;inclusion;inclusion;inclusion;inclusion;exclusion;pointingpairs;pointingpairs;exclusion;inclusion;inclusion;inclusion;exclusion;inclusion;inclusion;inclusion;exclusion;exclusion;exclusion;exclusion;exclusion;exclusion;exclusion;exclusion;exclusion;exclusion;exclusion;exclusion;exclusion;exclusion;exclusion;exclusion;exclusion;exclusion;exclusion;exclusion;exclusion;exclusion;exclusion;exclusion;exclusion;exclusion;exclusion;exclusion;exclusion;exclusion;exclusion;exclusion;exclusion;exclusion;exclusion;exclusion;exclusion;exclusion;exclusion;exclusion;exclusion;exclusion;exclusion;], [exclusion;inclusion;exclusion;pointingpairs;exclusion;inclusion;exclusion;pointingpairs;exclusion;inclusion;exclusion;inclusion;exclusion;], [inclusion;pointingpairs;inclusion;pointingpairs;inclusion;inclusion;], [pointingpairs;pointingpairs;],0,0,0,0,0,53,13,8,0,0,0,0,0,0,0,0,0,0,74
'hard2','6.2.5.........3.4..........43...8....1....2........7..5..27...........81...6.....','6.2.5.........3.42.....2...43..28....1....2........7..5..27...........81...68..27',2400,beginner,[exclusion;inclusion;inclusion;exclusion;inclusion;inclusion;exclusion;inclusion;inclusion;exclusion;pointingpairs;pointingpairs;pointingpairs;pointingpairs;pointingpairs;pointingpairs;pointingpairs;hiddenpairs;pointingpairs;], [exclusion;inclusion;exclusion;inclusion;exclusion;inclusion;exclusion;pointingpairs;hiddenpairs;pointingpairs;], [inclusion;inclusion;inclusion;pointingpairs;hiddenpairs;pointingpairs;], [pointingpairs;hiddenpairs;pointingpairs;],0,0,0,0,0,4,6,8,0,1,0,0,0,0,0,0,0,0,19
'hard3','...5...........5.697.....2...48.2...25.1...3..8..3.........4.7..13.5..9..2...31..','...52..4..423..5.6975....2...48.2...25.1...3..8..35.......14.7..13.5..9..2...31..',4300,beginner,[exclusion;inclusion;inclusion;inclusion;exclusion;pointingpairs;pointingpairs;pointingpairs;hiddenpairs;pointingpairs;pointingpairs;exclusion;inclusion;nakedpairs;exclusion;inclusion;inclusion;exclusion;pointingtriples;], [exclusion;inclusion;exclusion;pointingpairs;hiddenpairs;pointingpairs;exclusion;inclusion;nakedpairs;exclusion;inclusion;exclusion;pointingtriples;], [inclusion;pointingpairs;hiddenpairs;pointingpairs;inclusion;nakedpairs;inclusion;pointingtriples;], [pointingpairs;hiddenpairs;pointingpairs;nakedpairs;pointingtriples;],0,0,0,0,0,5,6,5,1,1,1,0,0,0,0,0,0,0,19
'hard4','3..6.9.12..7.....6.2...1......74...3..29.65..1...23......8...9.5.....3..29.3.7..4','345689712917235486826471935659748123432916578178523649763854291584192367291367854',650,beginner,[exclusion;exclusion;exclusion;exclusion;exclusion;exclusion;exclusion;inclusion;inclusion;inclusion;inclusion;inclusion;inclusion;inclusion;inclusion;inclusion;inclusion;inclusion;inclusion;inclusion;inclusion;inclusion;inclusion;inclusion;inclusion;inclusion;inclusion;inclusion;exclusion;pointingpairs;pointingpairs;pointingpairs;inclusion;inclusion;inclusion;inclusion;inclusion;inclusion;inclusion;inclusion;inclusion;inclusion;inclusion;inclusion;inclusion;inclusion;inclusion;inclusion;inclusion;inclusion;inclusion;inclusion;inclusion;inclusion;inclusion;inclusion;inclusion;], [exclusion;inclusion;exclusion;pointingpairs;inclusion;], [inclusion;pointingpairs;inclusion;], [pointingpairs;],0,0,0,0,0,8,46,3,0,0,0,0,0,0,0,0,0,0,57
'fiendish1','.....5.8....6.1.43..........1.5........1.6...3.......553.....61........4.........','.....5.8....6.1.43..........1.5........1.6...3.......553.....61........4.........',1700,beginner,[exclusion;hiddentriples;], [exclusion;hiddentriples;exclusion;], [hiddentriples;], [hiddentriples;],0,0,0,0,0,1,0,0,0,0,0,0,1,0,0,0,0,0,2
'fiendish2','85...24..72......9..4.........1.7..23.5...9...4...........8..7..17..........36.4.','859612437723854169164379528986147352375268914241593786432981675617425893598736241',1550,beginner,[exclusion;inclusion;inclusion;inclusion;inclusion;inclusion;inclusion;inclusion;inclusion;exclusion;inclusion;inclusion;exclusion;pointingpairs;pointingpairs;pointingpairs;pointingpairs;pointingpairs;pointingpairs;pointingpairs;pointingpairs;pointingpairs;exclusion;inclusion;inclusion;inclusion;inclusion;inclusion;inclusion;inclusion;inclusion;exclusion;inclusion;inclusion;inclusion;inclusion;inclusion;inclusion;inclusion;inclusion;inclusion;inclusion;inclusion;inclusion;inclusion;exclusion;inclusion;inclusion;inclusion;inclusion;inclusion;inclusion;inclusion;exclusion;inclusion;inclusion;inclusion;inclusion;inclusion;inclusion;inclusion;inclusion;inclusion;inclusion;inclusion;inclusion;inclusion;inclusion;inclusion;inclusion;inclusion;inclusion;], [exclusion;inclusion;exclusion;inclusion;exclusion;pointingpairs;exclusion;inclusion;exclusion;inclusion;exclusion;inclusion;exclusion;inclusion;], [inclusion;inclusion;pointingpairs;inclusion;inclusion;inclusion;inclusion;], [pointingpairs;],0,0,0,0,0,7,56,9,0,0,0,0,0,0,0,0,0,0,72
'fiendish3','..53.....8......2..7..1.5..4....53...1..7...6..32...8..6.5....9..4....3......97..','..53.....8...5..2..7..1.5..4....53...1..73..6..32...8..6.5....9..4....3......97..',1500,beginner,[exclusion;inclusion;inclusion;exclusion;hiddenpairs;], [exclusion;inclusion;exclusion;hiddenpairs;], [inclusion;hiddenpairs;], [hiddenpairs;],0,0,0,0,0,2,2,0,0,1,0,0,0,0,0,0,0,0,5
'fiendish4','..32.4...24.5...7.......6..9..7..1...87...53...2..5..7..1.......3...6.98...8.23..','793264815246518973158397624965743182487621539312985467821439756534176298679852341',1450,beginner,[exclusion;inclusion;inclusion;inclusion;inclusion;inclusion;inclusion;inclusion;inclusion;exclusion;inclusion;inclusion;exclusion;pointingpairs;pointingpairs;pointingpairs;pointingpairs;pointingpairs;nakedpairs;exclusion;inclusion;inclusion;inclusion;inclusion;inclusion;inclusion;inclusion;inclusion;inclusion;inclusion;inclusion;inclusion;inclusion;inclusion;inclusion;inclusion;inclusion;inclusion;inclusion;inclusion;inclusion;inclusion;inclusion;inclusion;inclusion;inclusion;inclusion;inclusion;inclusion;inclusion;inclusion;inclusion;inclusion;inclusion;inclusion;inclusion;inclusion;inclusion;inclusion;inclusion;inclusion;inclusion;inclusion;], [exclusion;inclusion;exclusion;inclusion;exclusion;pointingpairs;nakedpairs;exclusion;inclusion;], [inclusion;inclusion;pointingpairs;nakedpairs;inclusion;], [pointingpairs;nakedpairs;],0,0,0,0,0,4,53,5,1,0,0,0,0,0,0,0,0,0,63
'naked_single_test','246.7..38...3.6.7437..4.6....8.2.7..1.......6..7.3.4....4.8..6986.4....791..6..42','246975138589316274371248695498621753132754986657839421724183569865492317913567842',400,beginner,[exclusion;exclusion;exclusion;exclusion;inclusion;inclusion;inclusion;inclusion;inclusion;inclusion;inclusion;inclusion;inclusion;inclusion;exclusion;inclusion;inclusion;inclusion;inclusion;inclusion;inclusion;inclusion;inclusion;inclusion;inclusion;inclusion;inclusion;inclusion;inclusion;inclusion;inclusion;inclusion;inclusion;inclusion;inclusion;inclusion;inclusion;inclusion;inclusion;inclusion;inclusion;inclusion;inclusion;inclusion;inclusion;inclusion;inclusion;], [exclusion;inclusion;exclusion;inclusion;], [inclusion;inclusion;], [],0,0,0,0,0,5,42,0,0,0,0,0,0,0,0,0,0,0,47
'naked_pair_test','4.....938.32.941...953..24.37.6.9..4529..16736.47.3.9.957..83....39..4..24..3.7.9','461572938732894156895316247378629514529481673614753892957248361183967425246135789',450,beginner,[exclusion;pointingpairs;pointingpairs;pointingpairs;pointingpairs;pointingpairs;pointingpairs;pointingpairs;exclusion;exclusion;exclusion;exclusion;exclusion;exclusion;exclusion;exclusion;exclusion;exclusion;exclusion;exclusion;exclusion;exclusion;exclusion;exclusion;exclusion;exclusion;exclusion;exclusion;exclusion;exclusion;exclusion;exclusion;exclusion;exclusion;exclusion;exclusion;exclusion;exclusion;exclusion;exclusion;exclusion;], [exclusion;pointingpairs;exclusion;], [pointingpairs;], [pointingpairs;],0,0,0,0,0,34,0,7,0,0,0,0,0,0,0,0,0,0,41
'naked_pair_test_2','.8..9..3..3.....699.2.63158.2.8.459.8519.7.463946.587.563.4.9872......15.1..5..2.','486591732135278469972463158627814593851937246394625871563142987249786315718359624',950,beginner,[exclusion;pointingpairs;pointingpairs;pointingpairs;nakedpairs;nakedpairs;nakedpairs;exclusion;exclusion;exclusion;exclusion;exclusion;exclusion;exclusion;exclusion;exclusion;exclusion;exclusion;exclusion;exclusion;exclusion;exclusion;exclusion;exclusion;exclusion;exclusion;exclusion;exclusion;exclusion;exclusion;exclusion;exclusion;exclusion;exclusion;exclusion;exclusion;exclusion;exclusion;exclusion;exclusion;], [exclusion;pointingpairs;nakedpairs;exclusion;], [pointingpairs;nakedpairs;], [pointingpairs;nakedpairs;],0,0,0,0,0,34,0,3,3,0,0,0,0,0,0,0,0,0,40
'hidden_pair_test','.........9.46.7....768.41..3.97.1.8.7.8...3.1.513.87.2..75.261...54.32.8.........','583219467914637825276854139349721586728965341651348792497582613165493278832176954',650,beginner,[exclusion;pointingpairs;pointingpairs;exclusion;inclusion;inclusion;inclusion;inclusion;inclusion;inclusion;inclusion;inclusion;inclusion;inclusion;exclusion;exclusion;exclusion;exclusion;exclusion;exclusion;exclusion;exclusion;exclusion;exclusion;exclusion;exclusion;exclusion;exclusion;exclusion;exclusion;exclusion;exclusion;exclusion;exclusion;exclusion;exclusion;exclusion;exclusion;exclusion;exclusion;exclusion;exclusion;exclusion;exclusion;exclusion;exclusion;exclusion;exclusion;exclusion;exclusion;], [exclusion;pointingpairs;exclusion;inclusion;exclusion;], [pointingpairs;inclusion;], [pointingpairs;],0,0,0,0,0,38,10,2,0,0,0,0,0,0,0,0,0,0,50
'hidden_pair_test_2','72.4.8.3..8.....474.1.768.281.739......851......264.8.2.968.41334......8168943275','725498136986312547431576892812739654674851329593264781259687413347125968168943275',3300,beginner,[exclusion;hiddenpairs;hiddenpairs;hiddenpairs;inclusion;inclusion;exclusion;ywings;ywings;ywings;exclusion;inclusion;inclusion;inclusion;inclusion;inclusion;inclusion;inclusion;inclusion;inclusion;inclusion;inclusion;inclusion;inclusion;inclusion;inclusion;inclusion;inclusion;inclusion;inclusion;inclusion;inclusion;inclusion;inclusion;inclusion;inclusion;inclusion;inclusion;inclusion;inclusion;inclusion;inclusion;inclusion;inclusion;], [exclusion;hiddenpairs;inclusion;exclusion;ywings;exclusion;inclusion;], [hiddenpairs;inclusion;ywings;inclusion;], [hiddenpairs;ywings;],0,0,0,0,0,3,35,0,0,3,0,0,0,0,3,0,0,0,44
'naked_triple_test','.7.4.8.29..2.....4854.2...7..83742...2.........32617......936122.....4.313.642.7.','671438529392715864854926137518374296726859341943261785487593612269187453135642978',450,beginner,[exclusion;pointingpairs;pointingpairs;pointingpairs;pointingpairs;pointingpairs;pointingpairs;pointingpairs;pointingpairs;pointingpairs;pointingpairs;exclusion;exclusion;exclusion;exclusion;exclusion;exclusion;exclusion;exclusion;exclusion;exclusion;exclusion;exclusion;exclusion;exclusion;exclusion;exclusion;exclusion;exclusion;exclusion;exclusion;exclusion;exclusion;exclusion;exclusion;exclusion;exclusion;exclusion;exclusion;exclusion;exclusion;exclusion;exclusion;exclusion;exclusion;exclusion;exclusion;exclusion;exclusion;exclusion;exclusion;exclusion;exclusion;], [exclusion;pointingpairs;exclusion;], [pointingpairs;], [pointingpairs;],0,0,0,0,0,43,0,10,0,0,0,0,0,0,0,0,0,0,53
'naked_triple_test_2','294513..66..8423193..697254....56....4..8..6....47....73.164..59..735..14..928637','294513876675842319318697254129356748547289163863471592732164985986735421451928637',550,beginner,[exclusion;pointingpairs;pointingpairs;pointingpairs;pointingpairs;exclusion;exclusion;exclusion;exclusion;exclusion;exclusion;inclusion;inclusion;inclusion;inclusion;inclusion;inclusion;inclusion;inclusion;inclusion;inclusion;inclusion;inclusion;inclusion;inclusion;inclusion;inclusion;inclusion;inclusion;inclusion;inclusion;inclusion;inclusion;inclusion;inclusion;inclusion;inclusion;inclusion;inclusion;], [exclusion;pointingpairs;exclusion;inclusion;], [pointingpairs;inclusion;], [pointingpairs;],0,0,0,0,0,7,28,4,0,0,0,0,0,0,0,0,0,0,39
'hidden_triple_test','.....1.3.231.9.....65..31..6789243..1.3.5...6...1367....936.57...6.198433........','894571632231698457765243198678924315143857926952136784489362571526719843317485269',2250,beginner,[exclusion;pointingpairs;pointingpairs;pointingpairs;pointingpairs;inclusion;exclusion;exclusion;exclusion;exclusion;exclusion;exclusion;exclusion;inclusion;inclusion;exclusion;nakedtriples;nakedtriples;nakedtriples;nakedtriples;exclusion;exclusion;exclusion;exclusion;exclusion;exclusion;exclusion;exclusion;exclusion;exclusion;exclusion;exclusion;exclusion;exclusion;exclusion;exclusion;exclusion;exclusion;exclusion;exclusion;exclusion;exclusion;exclusion;exclusion;exclusion;exclusion;exclusion;exclusion;exclusion;exclusion;exclusion;exclusion;], [exclusion;pointingpairs;inclusion;exclusion;inclusion;exclusion;nakedtriples;exclusion;], [pointingpairs;inclusion;inclusion;nakedtriples;], [pointingpairs;nakedtriples;],0,0,0,0,0,41,3,4,0,0,0,4,0,0,0,0,0,0,52
'naked_quad_test','....3..86....2..4..9..7852.3718562949..1423754..3976182..7.3859.392.54677..9.4132','142539786587621943693478521371856294968142375425397618214763859839215467756984132',1650,beginner,[exclusion;pointingpairs;pointingpairs;hiddenpairs;inclusion;inclusion;inclusion;inclusion;inclusion;inclusion;inclusion;inclusion;inclusion;inclusion;inclusion;inclusion;inclusion;inclusion;inclusion;inclusion;inclusion;inclusion;inclusion;inclusion;inclusion;inclusion;inclusion;inclusion;inclusion;inclusion;inclusion;inclusion;inclusion;], [exclusion;pointingpairs;hiddenpairs;inclusion;], [pointingpairs;hiddenpairs;inclusion;], [pointingpairs;hiddenpairs;],0,0,0,0,0,1,29,2,0,1,0,0,0,0,0,0,0,0,33
'hidden_quad_test','9.15...46425.9..8186..1..2.5.2.......19...46.6.......2196.4.2532...6.817.....1694','9.15...46425.9..8186..1..2.5.2.......19...46.6.......2196.4.2532...6.817.....1694',7150,tricky,[exclusion;pointingpairs;pointingpairs;pointingpairs;nakedpairs;nakedpairs;pointingtriples;hiddenquads;], [exclusion;pointingpairs;nakedpairs;pointingtriples;hiddenquads;], [pointingpairs;nakedpairs;pointingtriples;hiddenquads;], [pointingpairs;nakedpairs;pointingtriples;hiddenquads;],0,0,0,0,0,1,0,3,2,0,1,0,0,0,0,0,0,1,8
'pointing_pair_test','.179.36......8....9.....5.7.72.1.43....4.2.7..6437.25.7.1....65....3......56.172.','417953682256187943983246517872519436539462871164378259791824365628735194345691728',7050,tricky,[exclusion;pointingpairs;pointingpairs;pointingpairs;pointingpairs;exclusion;inclusion;pointingpairs;pointingpairs;nakedpairs;hiddenpairs;hiddenpairs;inclusion;exclusion;pointingpairs;pointingpairs;ywings;exclusion;exclusion;exclusion;exclusion;exclusion;exclusion;exclusion;exclusion;exclusion;exclusion;exclusion;exclusion;exclusion;exclusion;exclusion;exclusion;exclusion;exclusion;exclusion;inclusion;exclusion;nakedpairs;ywings;exclusion;exclusion;exclusion;exclusion;exclusion;exclusion;exclusion;exclusion;exclusion;exclusion;exclusion;exclusion;exclusion;exclusion;exclusion;exclusion;exclusion;exclusion;exclusion;exclusion;exclusion;exclusion;exclusion;], [exclusion;pointingpairs;exclusion;inclusion;pointingpairs;nakedpairs;hiddenpairs;inclusion;exclusion;pointingpairs;ywings;exclusion;inclusion;exclusion;nakedpairs;ywings;exclusion;], [pointingpairs;inclusion;pointingpairs;nakedpairs;hiddenpairs;inclusion;pointingpairs;ywings;inclusion;nakedpairs;ywings;], [pointingpairs;pointingpairs;nakedpairs;hiddenpairs;pointingpairs;ywings;nakedpairs;ywings;],0,0,0,0,0,46,3,8,2,2,0,0,0,0,2,0,0,0,63
'pointing_pair_test_2','.32..61..41..........9.1...5...9...4.6.....713...2...5...5.8.........519.57..986.','732456198419283756685971423528197634964835271371624985296518347843762519157349862',5550,medium,[exclusion;pointingpairs;pointingpairs;pointingpairs;pointingpairs;pointingpairs;pointingpairs;pointingpairs;pointingpairs;pointingpairs;pointingpairs;exclusion;hiddenpairs;pointingpairs;pointingpairs;pointingpairs;inclusion;hiddenpairs;hiddenpairs;inclusion;exclusion;pointingpairs;ywings;exclusion;exclusion;exclusion;exclusion;exclusion;exclusion;exclusion;exclusion;exclusion;exclusion;exclusion;exclusion;exclusion;exclusion;exclusion;exclusion;exclusion;exclusion;exclusion;exclusion;exclusion;exclusion;exclusion;exclusion;inclusion;inclusion;inclusion;inclusion;inclusion;inclusion;inclusion;inclusion;inclusion;inclusion;inclusion;inclusion;inclusion;inclusion;inclusion;inclusion;inclusion;inclusion;inclusion;inclusion;exclusion;exclusion;exclusion;exclusion;exclusion;exclusion;], [exclusion;pointingpairs;exclusion;hiddenpairs;pointingpairs;inclusion;hiddenpairs;inclusion;exclusion;pointingpairs;ywings;exclusion;inclusion;exclusion;], [pointingpairs;hiddenpairs;pointingpairs;inclusion;hiddenpairs;inclusion;pointingpairs;ywings;inclusion;], [pointingpairs;hiddenpairs;pointingpairs;hiddenpairs;pointingpairs;ywings;],0,0,0,0,0,33,22,14,0,3,0,0,0,0,1,0,0,0,73
'pointing_triple_test','93..5....2..63..95856..2.....318.57...5.2.98..8...5......8..1595.821...4...56...8','931758246247631895856942317493186572165427983782395461624873159578219634319564728',550,beginner,[exclusion;pointingpairs;pointingpairs;pointingpairs;pointingpairs;pointingpairs;pointingpairs;pointingpairs;pointingpairs;inclusion;inclusion;inclusion;inclusion;inclusion;inclusion;inclusion;inclusion;inclusion;inclusion;inclusion;inclusion;inclusion;inclusion;inclusion;inclusion;inclusion;inclusion;inclusion;inclusion;inclusion;inclusion;inclusion;inclusion;exclusion;exclusion;exclusion;exclusion;exclusion;exclusion;exclusion;exclusion;exclusion;exclusion;exclusion;exclusion;exclusion;exclusion;exclusion;exclusion;exclusion;exclusion;exclusion;exclusion;exclusion;exclusion;], [exclusion;pointingpairs;inclusion;exclusion;], [pointingpairs;inclusion;], [pointingpairs;],0,0,0,0,0,23,24,8,0,0,0,0,0,0,0,0,0,0,55
'box_line_reduction','.16..78.3.9.8.....87...1.6..48...3..65...9.82.39...65..6.9...2..8...29369246..51.','416527893592836147873491265148265379657319482239784651361958724785142936924673518',2750,beginner,[exclusion;pointingpairs;pointingpairs;pointingpairs;pointingpairs;pointingpairs;pointingpairs;exclusion;inclusion;inclusion;inclusion;exclusion;inclusion;inclusion;inclusion;inclusion;inclusion;inclusion;inclusion;inclusion;exclusion;ywings;exclusion;inclusion;inclusion;inclusion;inclusion;inclusion;inclusion;inclusion;inclusion;inclusion;inclusion;inclusion;inclusion;inclusion;inclusion;inclusion;inclusion;inclusion;inclusion;inclusion;inclusion;inclusion;inclusion;inclusion;inclusion;inclusion;inclusion;inclusion;exclusion;exclusion;exclusion;exclusion;], [exclusion;pointingpairs;exclusion;inclusion;exclusion;inclusion;exclusion;ywings;exclusion;inclusion;exclusion;], [pointingpairs;inclusion;inclusion;ywings;inclusion;], [pointingpairs;ywings;],0,0,0,0,0,9,38,6,0,0,0,0,0,0,1,0,0,0,54
'box_line_reduction_2','.2.9437159.4...6..75.....4.5..48....2.....4534..352....42....81..5..426..9.2.85.4','826943715934571628751826349563487192278619453419352876642735981385194267197268534',3900,beginner,[exclusion;pointingpairs;pointingpairs;pointingpairs;pointingpairs;exclusion;pointingpairs;pointingtriples;pointingtriples;pointingtriples;exclusion;inclusion;ywings;ywings;exclusion;exclusion;exclusion;exclusion;exclusion;exclusion;exclusion;exclusion;exclusion;exclusion;exclusion;exclusion;exclusion;exclusion;exclusion;exclusion;exclusion;exclusion;exclusion;exclusion;exclusion;exclusion;exclusion;exclusion;exclusion;exclusion;exclusion;exclusion;exclusion;exclusion;exclusion;exclusion;exclusion;exclusion;exclusion;exclusion;exclusion;exclusion;], [exclusion;pointingpairs;exclusion;pointingpairs;pointingtriples;exclusion;inclusion;ywings;exclusion;], [pointingpairs;pointingpairs;pointingtriples;inclusion;ywings;], [pointingpairs;pointingpairs;pointingtriples;ywings;],0,0,0,0,0,41,1,5,0,0,3,0,0,0,2,0,0,0,52
'xwing_test','1.....569492.561.8.561.924...964.8.1.64.1....218.356.4.4.5...169.5.614.2621.....5','187423569492756138356189247539647821764218953218935674843592716975361482621874395',3600,beginner,[exclusion;pointingpairs;hiddenpairs;pointingpairs;xwings;xwings;inclusion;inclusion;inclusion;inclusion;inclusion;inclusion;inclusion;inclusion;inclusion;inclusion;inclusion;inclusion;inclusion;inclusion;inclusion;inclusion;inclusion;inclusion;exclusion;exclusion;exclusion;exclusion;exclusion;exclusion;exclusion;exclusion;exclusion;exclusion;exclusion;exclusion;exclusion;exclusion;exclusion;exclusion;exclusion;], [exclusion;pointingpairs;hiddenpairs;pointingpairs;xwings;inclusion;exclusion;], [pointingpairs;hiddenpairs;pointingpairs;xwings;inclusion;], [pointingpairs;hiddenpairs;pointingpairs;xwings;],0,0,0,0,0,18,18,2,0,1,0,0,0,2,0,0,0,0,41
'xwing_test_2','.......9476.91..5..9...2.81.7..5..1....7.9....8..31.6724.1...7..1..9..459.....1..','.2.....9476.91..5..9...2.81.7..5..1....7.9..8.8..31.6724.1...7..1..9..459.....1.6',7150,tricky,[exclusion;pointingpairs;nakedpairs;xwings;inclusion;exclusion;hiddenpairs;xwings;exclusion;xyzwings;], [exclusion;pointingpairs;nakedpairs;xwings;inclusion;exclusion;hiddenpairs;xwings;exclusion;xyzwings;], [pointingpairs;nakedpairs;xwings;inclusion;hiddenpairs;xwings;xyzwings;], [pointingpairs;nakedpairs;xwings;hiddenpairs;xwings;xyzwings;],0,0,0,0,0,3,1,1,1,1,0,0,0,2,0,1,0,0,10
'ywing_test','9..24.....5.69.231.2..5..9..9.7..32...29356.7.7...29...69.2..7351..79.622.7.86..9','931247586754698231628153794195764328482935617376812945869521473513479862247386159',2050,beginner,[exclusion;pointingpairs;pointingpairs;pointingpairs;pointingpairs;pointingpairs;ywings;ywings;ywings;ywings;ywings;ywings;exclusion;exclusion;exclusion;exclusion;exclusion;exclusion;exclusion;exclusion;exclusion;exclusion;exclusion;exclusion;exclusion;exclusion;exclusion;exclusion;exclusion;exclusion;exclusion;exclusion;exclusion;exclusion;exclusion;exclusion;exclusion;exclusion;exclusion;exclusion;exclusion;exclusion;exclusion;exclusion;exclusion;exclusion;exclusion;exclusion;exclusion;exclusion;], [exclusion;pointingpairs;ywings;exclusion;], [pointingpairs;ywings;], [pointingpairs;ywings;],0,0,0,0,0,39,0,5,0,0,0,0,0,0,6,0,0,0,50
'xyz_wing_test','.92..175.5..2....8....3.2...75..496.2...6..75.697...3...8.9..2.7....3.899.38...4.','.92..175.5..2....8....3.2...75..496.2...6..75.697...3...8.9..2.7....3.899.38...4.',5250,easy,[exclusion;pointingpairs;xwings;nakedpairs;hiddenpairs;xyzwings;], [exclusion;pointingpairs;xwings;nakedpairs;hiddenpairs;xyzwings;], [pointingpairs;xwings;nakedpairs;hiddenpairs;xyzwings;], [pointingpairs;xwings;nakedpairs;hiddenpairs;xyzwings;],0,0,0,0,0,1,0,1,1,1,0,0,0,1,0,1,0,0,6
'xyz_wing_test_2','6.......85..9.8..782...1.3.34.2.9.8.2...8.3..18.3.7.2575.4...929....5..44...9...3','6.......85..9.8..782...1.3.34.2.9.8.2...8.3..18.3.7.2575.4...929....5..44...9...3',3900,beginner,[exclusion;pointingpairs;nakedpairs;hiddenpairs;pointingpairs;xyzwings;], [exclusion;pointingpairs;nakedpairs;hiddenpairs;pointingpairs;xyzwings;], [pointingpairs;nakedpairs;hiddenpairs;pointingpairs;xyzwings;], [pointingpairs;nakedpairs;hiddenpairs;pointingpairs;xyzwings;],0,0,0,0,0,1,0,2,1,1,0,0,0,0,0,1,0,0,6
'swordfish_test_333','52941.7.3..6..3..2..32......523...76637.5.2..19.62753.3...6942.2..83.6..96.7423.5','52941.7.3..6..3..2..32......523...76637.5.2..19.62753.3...6942.2..83.6..96.7423.5',1550,beginner,[exclusion;pointingpairs;pointingpairs;hiddenpairs;], [exclusion;pointingpairs;hiddenpairs;], [pointingpairs;hiddenpairs;], [pointingpairs;hiddenpairs;],0,0,0,0,0,1,0,2,0,1,0,0,0,0,0,0,0,0,4
'swordfish_test_222','926...1..537.1.42.841...6.3259734816714.6..3.36812..4.1.2....84485.7136.6.3.....1','926...1..537.1.42.841...6.3259734816714.6..3.36812..4.1.2....84485.7136.6.3.....1',3400,beginner,[exclusion;nakedpairs;hiddenpairs;xyzwings;], [exclusion;nakedpairs;hiddenpairs;xyzwings;], [nakedpairs;hiddenpairs;xyzwings;], [nakedpairs;hiddenpairs;xyzwings;],0,0,0,0,0,1,0,0,1,1,0,0,0,0,0,1,0,0,4
'swordfish_test_323','.2..43.69..38962..96..25.3.89.56..136...3.....3..81.263...1..7...96743.227.358.9.','.2..43.69..38962..96..25.3.89.56..136...3.....3..81.263...1..7...96743.227.358.9.',350,beginner,[exclusion;pointingpairs;pointingpairs;pointingpairs;], [exclusion;pointingpairs;], [pointingpairs;], [pointingpairs;],0,0,0,0,0,1,0,3,0,0,0,0,0,0,0,0,0,0,4
'underconstrained1','.8...9743.5...8.1..1.......8....5......8.4......3....6.......7..3.5...8.9724...5.','286159743.5...8.1..19...5688....54.7...8.41.5..53..8.65.8....7..3.5...8.97248..51',1950,beginner,[exclusion;exclusion;exclusion;exclusion;exclusion;inclusion;inclusion;inclusion;inclusion;inclusion;inclusion;inclusion;inclusion;inclusion;inclusion;inclusion;inclusion;exclusion;inclusion;pointingpairs;pointingpairs;pointingpairs;pointingtriples;], [exclusion;inclusion;exclusion;inclusion;pointingpairs;pointingtriples;], [inclusion;inclusion;pointingpairs;pointingtriples;], [pointingpairs;pointingtriples;],0,0,0,0,0,6,13,3,0,0,1,0,0,0,0,0,0,0,23
'underconstrained2','53..7....6..1.5....98....6.8.......34..8.3..17...2...6.6....28....419..5....8..79','5346789126721953481983425678..7.14.34..8.37.1713924856961537284287419635345286179',300,beginner,[exclusion;exclusion;exclusion;exclusion;exclusion;exclusion;exclusion;exclusion;exclusion;exclusion;exclusion;inclusion;inclusion;inclusion;inclusion;inclusion;inclusion;inclusion;inclusion;inclusion;inclusion;inclusion;inclusion;inclusion;inclusion;inclusion;inclusion;inclusion;inclusion;inclusion;inclusion;inclusion;inclusion;inclusion;exclusion;exclusion;exclusion;exclusion;exclusion;exclusion;exclusion;exclusion;exclusion;exclusion;exclusion;], [exclusion;inclusion;exclusion;], [inclusion;], [],0,0,0,0,0,22,23,0,0,0,0,0,0,0,0,0,0,0,45
'underconstrained3','..97.......48.9.7......2.3....3.6...3..1....9..6....58..8.3....5.....1869.2......','.597.38...348.9.7...1..293....3.6...3..1....9..6...358..8.3..9.5.3...1869.2....43',3050,beginner,[exclusion;inclusion;inclusion;inclusion;inclusion;inclusion;inclusion;inclusion;inclusion;exclusion;pointingpairs;pointingpairs;pointingpairs;pointingpairs;inclusion;exclusion;pointingpairs;pointingpairs;pointingpairs;nakedpairs;nakedpairs;nakedpairs;exclusion;pointingpairs;hiddenpairs;], [exclusion;inclusion;exclusion;pointingpairs;inclusion;exclusion;pointingpairs;nakedpairs;exclusion;pointingpairs;hiddenpairs;], [inclusion;pointingpairs;inclusion;pointingpairs;nakedpairs;pointingpairs;hiddenpairs;], [pointingpairs;pointingpairs;nakedpairs;pointingpairs;hiddenpairs;],0,0,0,0,0,4,9,8,3,1,0,0,0,0,0,0,0,0,25
'underconstrained4','......23....3.8.64....4.9.8573.......8652937.......8456.5.1....71...2....48......','8.4...237...3.8.64...24.9.8573.8.6..486529371......8456.5.1....719..2....48......',550,beginner,[exclusion;exclusion;exclusion;exclusion;exclusion;exclusion;inclusion;inclusion;inclusion;exclusion;pointingpairs;pointingpairs;], [exclusion;inclusion;exclusion;pointingpairs;], [inclusion;pointingpairs;], [pointingpairs;],0,0,0,0,0,7,3,2,0,0,0,0,0,0,0,0,0,0,12
'underconstrained5','.21...9.36........83962...19...31.....2...3.....9....87...69152........92.5...74.','.21...9636..19328.83962..719.8.31.2...2..639.3..9.2.18783469152...2..839295318746',750,beginner,[exclusion;exclusion;exclusion;exclusion;inclusion;inclusion;inclusion;inclusion;inclusion;inclusion;inclusion;inclusion;inclusion;inclusion;inclusion;inclusion;inclusion;inclusion;inclusion;inclusion;inclusion;inclusion;exclusion;inclusion;inclusion;inclusion;exclusion;pointingpairs;], [exclusion;inclusion;exclusion;inclusion;exclusion;pointingpairs;], [inclusion;inclusion;pointingpairs;], [pointingpairs;],0,0,0,0,0,6,21,1,0,0,0,0,0,0,0,0,0,0,28
'underconstrained6','.7.4.1..8.16.3...45.4........7.8..9.6..123........6......6...532.8.....6.......8.','.7.4.1..8.16.3...45.4........758469.6..123........6......6.82532.8.....6.6.....8.',550,beginner,[exclusion;exclusion;inclusion;inclusion;inclusion;inclusion;exclusion;pointingpairs;pointingpairs;pointingpairs;pointingpairs;], [exclusion;inclusion;exclusion;pointingpairs;], [inclusion;pointingpairs;], [pointingpairs;],0,0,0,0,0,3,4,4,0,0,0,0,0,0,0,0,0,0,11
'insoluble_by_propagation','..3.2.6..9..3.5..1..18.64....81.29..7.......8..67.82....26.95..8..2.3..9..5.1.8..','.739216859843.5721251876493548132976729564318136798254412689537867253149395417862',100,beginner,[exclusion;exclusion;exclusion;exclusion;exclusion;exclusion;exclusion;exclusion;exclusion;exclusion;exclusion;exclusion;exclusion;exclusion;exclusion;exclusion;exclusion;exclusion;exclusion;exclusion;exclusion;exclusion;exclusion;exclusion;exclusion;exclusion;exclusion;exclusion;exclusion;exclusion;exclusion;exclusion;exclusion;exclusion;exclusion;exclusion;exclusion;exclusion;exclusion;exclusion;exclusion;exclusion;exclusion;exclusion;exclusion;exclusion;exclusion;exclusion;exclusion;], [exclusion;], [], [],0,0,0,0,0,49,0,0,0,0,0,0,0,0,0,0,0,0,49
'insoluble_by_initial_state_conflict','..3.2.6..9..3.5..1..18.64....81.29..7.......8..67.82....26.95..8..2.3..9..5.1.6..','483921657967345821251876493548132976729564318156798234372689513814253769695417.82',200,beginner,[exclusion;exclusion;exclusion;exclusion;exclusion;exclusion;exclusion;exclusion;exclusion;exclusion;exclusion;exclusion;exclusion;exclusion;exclusion;exclusion;inclusion;inclusion;inclusion;inclusion;inclusion;inclusion;inclusion;inclusion;inclusion;inclusion;inclusion;inclusion;inclusion;inclusion;inclusion;inclusion;inclusion;inclusion;inclusion;inclusion;inclusion;inclusion;inclusion;inclusion;inclusion;inclusion;inclusion;inclusion;inclusion;inclusion;inclusion;inclusion;inclusion;], [exclusion;], [], [],0,0,0,0,0,16,33,0,0,0,0,0,0,0,0,0,0,0,49
